Adrian city, +38.397857, -94.350932
Advance city, +37.103553, -89.914533
Affton CDP, +38.549450, -90.328911
Agency town, +39.655688, -94.748538
Airport Drive village, +37.138977, -94.515768
Alba city, +37.237146, -94.416954
Albany city, +40.248160, -94.333880
Aldrich village, +37.549089, -93.552305
Alexandria city, +40.359732, -91.459222
Allendale town, +40.486215, -94.288700
Allenville village, +37.221563, -89.754943
Alma city, +39.095831, -93.548012
Altamont town, +39.888852, -94.086745
Altenburg city, +37.631251, -89.581415
Alton city, +36.693862, -91.398939
Amazonia town, +39.888343, -94.891896
Amity town, +39.868577, -94.434502
Amoret city, +38.255652, -94.587089
Amsterdam city, +38.349338, -94.588866
Anderson city, +36.654834, -94.448585
Annada town, +39.262161, -90.828539
Annapolis city, +37.359944, -90.698281
Anniston town, +36.824519, -89.326199
Appleton City city, +38.189975, -94.030303
Arbela town, +40.462952, -92.015962
Arbyrd city, +36.052644, -90.239999
Arcadia city, +37.585383, -90.628499
Archie city, +38.482853, -94.349042
Arcola village, +37.549932, -93.875667
Argyle town, +38.295011, -92.025457
Arkoe town, +40.258788, -94.829581
Armstrong city, +39.269349, -92.705009
Arnold city, +38.428433, -90.369299
Arrow Rock town, +39.069966, -92.948002
Asbury city, +37.273778, -94.602936
Ashburn town, +39.546259, -91.170989
Ash Grove city, +37.317440, -93.580526
Ashland city, +38.773867, -92.256677
Atlanta city, +39.898021, -92.479815
Augusta city, +38.572857, -90.882795
Aullville village, +39.018239, -93.677468
Aurora city, +36.969899, -93.720373
Auxvasse city, +39.017365, -91.894500
Ava city, +36.953096, -92.665107
Avilla town, +37.194257, -94.130210
Avondale city, +39.153505, -94.544969
Bagnell town, +38.228862, -92.605088
Baker village, +36.773560, -89.761430
Bakersfield village, +36.524084, -92.144227
Baldwin Park village, +38.795312, -94.245417
Ballwin city, +38.594100, -90.552374
Baring city, +40.244678, -92.205683
Barnard city, +40.175700, -94.822578
Barnett city, +38.377020, -92.674004
Barnhart CDP, +38.334394, -90.404100
Bates City village, +39.006192, -94.070240
Battlefield town, +37.118100, -93.367849
Bella Villa city, +38.543450, -90.286183
Bell City city, +37.023770, -89.819370
Belle city, +38.285772, -91.722289
Bellefontaine Neighbors city, +38.752033, -90.226895
Bellerive village, +38.713050, -90.309848
Bellflower city, +39.003849, -91.352721
Bel-Nor village, +38.703200, -90.316372
Bel-Ridge village, +38.714050, -90.327904
Belton city, +38.819488, -94.531163
Benton city, +37.098041, -89.562077
Benton City town, +39.134759, -91.764277
Berger city, +38.673956, -91.335245
Berkeley city, +38.743301, -90.335607
Bernie city, +36.671970, -89.970467
Bertrand city, +36.908977, -89.449667
Bethany city, +40.267755, -94.028257
Bethel town, +39.878229, -92.022721
Beverly Hills city, +38.697750, -90.290371
Bevier city, +39.749094, -92.563714
Bigelow village, +40.109418, -95.288481
Big Lake village, +40.074140, -95.351467
Billings city, +37.063486, -93.555674
Birch Tree city, +36.991619, -91.492409
Birmingham village, +39.166650, -94.450449
Bismarck city, +37.767369, -90.622712
Blackburn city, +39.104915, -93.486146
Black Jack city, +38.798150, -90.263598
Blackwater city, +38.979382, -92.990677
Blairstown city, +38.557391, -93.957430
Bland city, +38.300579, -91.632546
Blodgett town, +37.004252, -89.526157
Bloomfield city, +36.888637, -89.931594
Bloomsdale city, +38.011423, -90.219273
Blue Eye town, +36.499860, -93.396414
Blue Springs city, +39.022000, -94.273649
Blythedale village, +40.475203, -93.927170
Bogard city, +39.457949, -93.524091
Bolckow city, +40.115560, -94.820554
Bolivar city, +37.609635, -93.414272
Bonne Terre city, +37.922655, -90.549815
Boonville city, +38.964213, -92.747821
Bosworth city, +39.469751, -93.335575
Bourbon city, +38.151592, -91.247242
Bowling Green city, +39.338957, -91.195565
Bragg City town, +36.268424, -89.911504
Brandsville city, +36.650450, -91.696670
Branson city, +36.645804, -93.245211
Brashear city, +40.147889, -92.378369
Braymer city, +39.590174, -93.795640
Breckenridge city, +39.761461, -93.804841
Breckenridge Hills village, +38.715450, -90.367477
Brentwood city, +38.619050, -90.348599
Bridgeton city, +38.766300, -90.426548
Brimson village, +40.144221, -93.737755
Bronaugh city, +37.694485, -94.467867
Brookfield city, +39.785750, -93.076317
Brookline village, +37.171017, -93.410150
Brooklyn Heights village, +37.170391, -94.386138
Browning city, +40.034914, -93.160237
Brownington town, +38.245701, -93.722482
Brumley town, +38.087322, -92.486128
Brunswick city, +39.424008, -93.126011
Bucklin city, +39.782373, -92.889254
Buckner city, +39.134800, -94.197999
Buffalo city, +37.644276, -93.094335
Bunceton city, +38.789660, -92.798526
Bunker city, +37.457453, -91.211527
Burgess town, +37.556165, -94.614851
Burlington Junction city, +40.447238, -95.067409
Butler city, +38.259321, -94.339395
Butterfield village, +36.747576, -93.904438
Byrnes Mill city, +38.439250, -90.573649
Cabool city, +37.126832, -92.103919
Cainsville city, +40.440073, -93.774466
Cairo village, +39.511993, -92.440705
Caledonia village, +37.763565, -90.770982
Calhoun city, +38.467948, -93.624456
California city, +38.631573, -92.566782
Callao city, +39.762198, -92.623218
Calverton Park village, +38.766550, -90.308857
Camden city, +39.200208, -94.018869
Camden Point city, +39.452757, -94.747121
Camdenton city, +38.008856, -92.746300
Cameron city, +39.742872, -94.236295
Campbell city, +36.492104, -90.074335
Canalou city, +36.754339, -89.687494
Canton city, +40.129668, -91.523848
Cape Girardeau city, +37.308309, -89.550300
Cardwell city, +36.047239, -90.291162
Carl Junction city, +37.163731, -94.545703
Carrollton city, +39.363101, -93.496345
Carterville city, +37.150850, -94.438374
Carthage city, +37.167703, -94.313535
Caruthersville city, +36.179139, -89.665059
Carytown city, +37.249087, -94.334260
Cassville city, +36.678803, -93.867638
Castle Point CDP, +38.757950, -90.248074
Catron town, +36.612375, -89.706254
Cave town, +39.023759, -91.045204
Cedar Hill CDP, +38.356140, -90.641554
Cedar Hill Lakes village, +38.330479, -90.657282
Center city, +39.509847, -91.528510
Centertown town, +38.618972, -92.409253
Centerview town, +38.745559, -93.845562
Centerville city, +37.436327, -90.960333
Centralia city, +39.211524, -92.131575
Chaffee city, +37.180376, -89.661338
Chain-O-Lakes village, +36.533312, -93.724782
Chamois city, +38.677153, -91.770006
Champ village, +38.743733, -90.449379
Charlack city, +38.703600, -90.342504
Charleston city, +36.918935, -89.337906
Chesterfield city, +38.654300, -90.581223
Chilhowee town, +38.588948, -93.856327
Chillicothe city, +39.791614, -93.554060
Chula city, +39.921628, -93.476345
Clarence city, +39.743014, -92.260266
Clark city, +39.280604, -92.341858
Clarksburg city, +38.661362, -92.666126
Clarksdale city, +39.813455, -94.550245
Clarkson Valley city, +38.625033, -90.594121
Clarksville city, +39.371793, -90.905639
Clarkton city, +36.452361, -89.965251
Claycomo village, +39.199500, -94.476773
Clayton city, +38.644300, -90.328568
Clearmont city, +40.507442, -95.032879
Cleveland town, +38.677799, -94.597049
Clever city, +37.029800, -93.471124
Cliff Village village, +37.025322, -94.516902
Clifton Hill city, +39.439230, -92.667052
Climax Springs village, +38.101591, -93.051658
Clinton city, +38.371292, -93.768081
Clyde village, +40.266216, -94.670153
Cobalt City village, +37.544885, -90.286853
Coffey town, +40.105089, -94.006174
Cole Camp city, +38.459479, -93.205468
Collins village, +37.890113, -93.620774
Columbia city, +38.954100, -92.326696
Commerce town, +37.158088, -89.446561
Conception Junction town, +40.268281, -94.690723
Concord CDP, +38.514333, -90.353549
Concordia city, +38.987551, -93.568405
Conway city, +37.500768, -92.824176
Cool Valley city, +38.724767, -90.304757
Cooter city, +36.046971, -89.809713
Corder city, +39.099483, -93.638557
Corning town, +40.248834, -95.454742
Cosby town, +39.863528, -94.679499
Cottleville town, +38.754050, -90.653751
Country Club village, +39.827650, -94.826868
Country Club Hills city, +38.720700, -90.274759
Country Life Acres village, +38.624750, -90.455932
Cowgill city, +39.560560, -93.925791
Craig city, +40.192223, -95.373360
Crane city, +36.903146, -93.571210
Creighton city, +38.496654, -94.071764
Crestwood city, +38.555600, -90.381590
Creve Coeur city, +38.660467, -90.435470
Crocker city, +37.949150, -92.267260
Cross Timbers city, +38.024202, -93.228771
Crystal City city, +38.225902, -90.383030
Crystal Lake Park city, +38.620500, -90.430892
Crystal Lakes village, +39.358168, -94.189958
Cuba city, +38.062968, -91.399883
Curryville city, +39.345921, -91.342545
Dadeville village, +37.479813, -93.674760
Dalton town, +39.398152, -92.991999
Dardenne Prairie town, +38.754327, -90.732060
Darlington village, +40.198773, -94.400168
Dearborn city, +39.524935, -94.772946
Deepwater city, +38.259175, -93.773801
Deerfield village, +37.838964, -94.506587
De Kalb town, +39.587169, -94.923861
Dellwood city, +38.755200, -90.277679
Delta city, +37.198159, -89.737025
Dennis Acres village, +37.045805, -94.504096
Denver village, +40.398994, -94.323713
Des Arc village, +37.284185, -90.634945
Desloge city, +37.873771, -90.520677
De Soto city, +38.138991, -90.560464
Des Peres city, +38.595970, -90.447180
De Witt city, +39.384916, -93.220147
Dexter city, +36.790367, -89.960320
Diamond town, +36.995483, -94.315068
Diehlstadt town, +36.959371, -89.432372
Diggins village, +37.174035, -92.852274
Dixon city, +37.995234, -92.095812
Doniphan city, +36.622906, -90.822043
Doolittle city, +37.941488, -91.887797
Dover town, +39.194481, -93.689503
Downing city, +40.486443, -92.368503
Drexel city, +38.482810, -94.607367
Dudley city, +36.789139, -90.091422
Duenweg city, +37.078976, -94.410510
Duquesne village, +37.071250, -94.458667
Eagleville town, +40.468716, -93.988123
East Lynne town, +38.668211, -94.229422
Easton city, +39.721664, -94.639551
East Prairie city, +36.779048, -89.384117
Edgar Springs city, +37.701710, -91.865826
Edgerton city, +39.505013, -94.630648
Edina city, +40.167951, -92.173086
Edmundson village, +38.734300, -90.365871
Eldon city, +38.350906, -92.576408
El Dorado Springs city, +37.869704, -94.019617
Ellington city, +37.235416, -90.971978
Ellisville city, +38.589150, -90.586002
Ellsinore town, +36.933636, -90.746047
Elmer city, +39.957645, -92.649811
Elmira village, +39.508349, -94.153051
Elmo city, +40.518780, -95.117152
Elsberry city, +39.170039, -90.789891
Elvins city, +37.835291, -90.534998
Emerald Beach village, +36.574136, -93.670752
Eminence city, +37.146271, -91.358528
Emma city, +38.976470, -93.495505
Eolia village, +39.239865, -91.011154
Essex city, +36.811987, -89.862427
Esther city, +37.852064, -90.494665
Ethel town, +39.893528, -92.740446
Eugene town, +38.353727, -92.403408
Eureka city, +38.502900, -90.642680
Everton city, +37.343527, -93.702406
Ewing city, +40.008433, -91.714362
Excelsior Estates village, +39.390189, -94.207618
Excelsior Springs city, +39.337896, -94.235459
Exeter city, +36.670722, -93.939533
Fairfax city, +40.339533, -95.391703
Fair Grove city, +37.382589, -93.151384
Fair Play city, +37.633887, -93.575429
Fairview town, +36.816868, -94.084954
Farber city, +39.274071, -91.576402
Farley village, +39.282315, -94.828413
Farmington city, +37.780003, -90.425863
Fayette city, +39.147508, -92.685566
Fenton city, +38.536100, -90.451364
Ferguson city, +38.748800, -90.295774
Ferrelview village, +39.313659, -94.665302
Festus city, +38.222847, -90.405399
Fidelity town, +37.082006, -94.309470
Fillmore city, +40.025484, -94.972960
Fisk city, +36.782222, -90.207411
Flat River city, +37.853497, -90.516660
Fleming city, +39.192885, -94.051221
Flemington village, +37.803680, -93.499921
Flint Hill village, +38.854800, -90.855363
Flordell Hills city, +38.717567, -90.265271
Florida village, +39.493264, -91.790119
Florissant city, +38.797350, -90.324303
Foley city, +39.045677, -90.741341
Ford City town, +40.112244, -94.464789
Fordland city, +37.156930, -92.942730
Forest City city, +39.982689, -95.187902
Foristell city, +38.818546, -90.966381
Forsyth city, +36.687271, -93.108177
Fortescue town, +40.051972, -95.317475
Fort Leonard Wood CDP, +37.705209, -92.157961
Foster town, +38.166701, -94.507984
Frankford city, +39.493211, -91.320684
Franklin city, +39.011334, -92.754720
Fredericktown city, +37.564601, -90.296455
Freeburg village, +38.315468, -91.922473
Freeman city, +38.618632, -94.505765
Freistatt town, +37.021264, -93.896242
Fremont Hills city, +37.065766, -93.252635
Frohna city, +37.636500, -89.620472
Frontenac city, +38.630800, -90.415977
Fulton city, +38.853137, -91.948843
Gainesville city, +36.605686, -92.423751
Galena city, +36.804588, -93.470131
Gallatin city, +39.910293, -93.963803
Galt city, +40.127195, -93.387588
Garden City city, +38.560823, -94.188368
Gasconade city, +38.669357, -91.560289
Gentry village, +40.333086, -94.423538
Gerald city, +38.399388, -91.331133
Gerster town, +37.954033, -93.576508
Gibbs town, +40.097962, -92.416295
Gideon city, +36.450819, -89.910639
Gilliam town, +39.232767, -93.003659
Gilman City city, +40.138325, -93.872372
Gladstone city, +39.212800, -94.558908
Glasgow city, +39.226985, -92.837922
Glasgow Village CDP, +38.758213, -90.196928
Glenaire village, +39.220033, -94.449986
Glenallen town, +37.316819, -90.028145
Glendale city, +38.593000, -90.381174
Glen Echo Park village, +38.700989, -90.295484
Glenwood village, +40.523581, -92.576343
Golden City city, +37.393558, -94.093212
Goodman town, +36.737872, -94.409275
Gordonville town, +37.310375, -89.673041
Gower city, +39.612325, -94.594698
Graham town, +40.201493, -95.039767
Grain Valley city, +39.007218, -94.206824
Granby city, +36.916970, -94.260071
Grandin city, +36.829898, -90.821764
Grand Pass town, +39.205239, -93.443171
Grandview city, +38.881350, -94.522500
Granger town, +40.467509, -91.973104
Grant City town, +40.485962, -94.413853
Grantwood Village town, +38.550383, -90.354337
Gravois Mills village, +38.309598, -92.824520
Gray Summit CDP, +38.494850, -90.815180
Greencastle city, +40.261539, -92.878342
Green City city, +40.265683, -92.957055
Greendale city, +38.691467, -90.312228
Greenfield city, +37.416325, -93.842657
Green Ridge town, +38.620187, -93.409798
Greentop city, +40.351100, -92.565875
Greenville city, +37.126879, -90.446001
Greenwood city, +38.851150, -94.341999
Guilford town, +40.168940, -94.736085
Gunn City village, +38.666213, -94.163882
Hale city, +39.605186, -93.343239
Halfway village, +37.616048, -93.235598
Hallsville city, +39.115784, -92.219663
Halltown town, +37.194322, -93.628852
Hamilton city, +39.743312, -94.002102
Hanley Hills village, +38.684867, -90.324360
Hannibal city, +39.707547, -91.383638
Hardin city, +39.267612, -93.830314
Harris town, +40.306389, -93.350093
Harrisburg town, +39.142215, -92.459708
Harrisonville city, +38.655411, -94.349244
Hartsburg town, +38.695153, -92.309845
Hartville city, +37.250120, -92.511750
Hartwell village, +38.434907, -93.933909
Harwood town, +37.956830, -94.153741
Hawk Point city, +38.971163, -91.133741
Hayti city, +36.232476, -89.748474
Hayti Heights city, +36.232223, -89.768513
Hayward town, +36.396120, -89.666034
Hay-Wood City village, +37.011785, -89.600124
Hazelwood city, +38.777650, -90.359629
Henrietta city, +39.237353, -93.937951
Herculaneum city, +38.259193, -90.387670
Hermann city, +38.699075, -91.435026
Hermitage city, +37.944980, -93.323249
Higbee city, +39.306395, -92.512153
Higginsville city, +39.064764, -93.726546
High Hill city, +38.875396, -91.375599
High Ridge CDP, +38.462850, -90.534149
Hillsboro city, +38.232349, -90.566767
Hillsdale village, +38.685100, -90.288486
Hoberg village, +37.068349, -93.849270
Holcomb city, +36.400223, -90.023053
Holden city, +38.713437, -93.989118
Holland town, +36.057329, -89.870382
Holliday village, +39.493559, -92.131861
Hollister city, +36.619134, -93.220313
Holt city, +39.454240, -94.344142
Holts Summit city, +38.644661, -92.115963
Homestead village, +39.359712, -94.201891
Homestown city, +36.331702, -89.824601
Hopkins city, +40.551113, -94.816187
Horine CDP, +38.266086, -90.430169
Hornersville city, +36.040266, -90.114795
Houston city, +37.322645, -91.959635
Houstonia city, +38.899431, -93.359803
Houston Lake city, +39.191717, -94.623504
Howardville city, +36.568339, -89.597328
Hughesville village, +38.837877, -93.295926
Humansville city, +37.795607, -93.575854
Hume town, +38.089534, -94.581555
Humphreys town, +40.125100, -93.318416
Hunnewell city, +39.668263, -91.858853
Huntleigh city, +38.613577, -90.407613
Huntsville city, +39.437361, -92.543633
Hurdland city, +40.150731, -92.302239
Hurley city, +36.930857, -93.496655
Iatan village, +39.475169, -94.981626
Iberia city, +38.088818, -92.294448
Imperial CDP, +38.367733, -90.372219
Independence city, +39.089344, -94.353413
Indian Point village, +36.640735, -93.346944
Ionia town, +38.503847, -93.322796
Irondale city, +37.834238, -90.670881
Iron Gates village, +37.063500, -94.556949
Iron Mountain Lake city, +37.685081, -90.614669
Ironton city, +37.596732, -90.635830
Jackson city, +37.380320, -89.654461
Jacksonville village, +39.587481, -92.472844
Jameson town, +40.005320, -93.987576
Jamesport city, +39.974715, -93.802104
Jamestown town, +38.765723, -92.477771
Jasper city, +37.334596, -94.302581
Jefferson City city, +38.571902, -92.190459
Jennings city, +38.723578, -90.264457
Jerico Springs village, +37.618886, -94.010536
Jonesburg city, +38.853582, -91.306467
Joplin city, +37.081800, -94.502974
Josephville village, +38.830995, -90.792882
Junction City village, +37.573930, -90.293901
Kahoka city, +40.423831, -91.718387
Kansas City city, +39.122312, -94.552009
Kearney city, +39.364360, -94.361465
Kelso town, +37.190060, -89.550434
Kennett city, +36.239991, -90.048708
Keytesville city, +39.432734, -92.936814
Kidder city, +39.781903, -94.102381
Kimberling City city, +36.641881, -93.423908
Kimmswick city, +38.366700, -90.365149
King City city, +40.050636, -94.524713
Kingdom City village, +38.946310, -91.937225
Kingston city, +39.642238, -94.038183
Kingsville city, +38.742883, -94.068705
Kinloch city, +38.738150, -90.325319
Kirksville city, +40.195113, -92.578426
Kirkwood city, +38.580400, -90.420055
Knob Noster city, +38.768044, -93.565842
Knox City city, +40.143639, -92.010271
Koshkonong town, +36.594437, -91.645549
La Belle city, +40.116429, -91.913851
Laclede city, +39.788222, -93.169515
Laddonia city, +39.241492, -91.642935
La Due village, +38.312754, -93.877758
Ladue city, +38.636837, -90.381605
La Grange city, +40.047970, -91.500483
Lake Annette village, +38.655296, -94.507820
Lakeland town, +38.219550, -92.630923
Lake Lotawana city, +38.929500, -94.257855
Lake Mykee Town village, +38.676468, -92.100803
Lake Ozark city, +38.188100, -92.629343
Lake St. Louis city, +38.789005, -90.782767
Lakeshire city, +38.541300, -90.336990
Lakeside city, +38.204030, -92.622673
Lake Tapawingo city, +39.018200, -94.310387
Lakeview village, +38.213828, -92.627086
Lakeview city, +36.697712, -93.366309
Lake Waukomis city, +39.230300, -94.636464
Lake Winnebago city, +38.821392, -94.357169
Lamar city, +37.493675, -94.273193
Lamar Heights village, +37.493563, -94.297801
Lambert village, +37.093626, -89.555719
La Monte city, +38.771143, -93.422515
Lanagan town, +36.606714, -94.450813
Lancaster city, +40.522673, -92.530385
La Plata city, +40.025043, -92.490854
Laredo city, +40.026325, -93.447314
La Russell city, +37.140755, -94.060840
Lathrop city, +39.549151, -94.329524
La Tour town, +38.633974, -94.102408
Laurie village, +38.203638, -92.829105
Lawson city, +39.436283, -94.213592
Leadington city, +37.834310, -90.481574
Leadwood city, +37.862247, -90.589351
Leasburg village, +38.094168, -91.295045
Leawood village, +37.033400, -94.490499
Lebanon city, +37.670549, -92.660859
Lee's Summit city, +38.916343, -94.383516
Leeton city, +38.583644, -93.695096
Lemay CDP, +38.531800, -90.283936
Leonard town, +39.895226, -92.180741
Leslie village, +38.417623, -91.231228
Levasy city, +39.133100, -94.132274
Lewis and Clark Village town, +39.539890, -95.050767
Lewistown town, +40.084159, -91.812668
Lexington city, +39.182099, -93.874859
Liberal city, +37.558777, -94.515979
Liberty city, +39.242050, -94.419112
Licking city, +37.496124, -91.860728
Lilbourn city, +36.590771, -89.613709
Lincoln city, +38.394100, -93.330602
Linn city, +38.480756, -91.844397
Linn Creek city, +38.044115, -92.701864
Linneus city, +39.876922, -93.187488
Lithium village, +37.832205, -89.883776
Livonia village, +40.491624, -92.699667
Lock Springs town, +39.849093, -93.775871
Lockwood city, +37.387171, -93.958698
Lohman town, +38.542477, -92.363473
Lone Jack village, +38.870372, -94.166417
Longtown town, +37.669850, -89.773513
Louisburg village, +37.754894, -93.140139
Louisiana city, +39.443522, -91.059239
Lowry City city, +38.141014, -93.726749
Lucerne village, +40.463717, -93.291573
Ludlow town, +39.653542, -93.703093
Lupus town, +38.845717, -92.454216
Luray town, +40.452545, -91.884301
McFall city, +40.111743, -94.222546
Mac Kenzie village, +38.580300, -90.316475
McKittrick town, +38.735197, -91.442689
Macks Creek city, +37.965994, -92.971976
Macon city, +39.738743, -92.470528
Madison city, +39.473160, -92.211919
Maitland city, +40.203071, -95.078713
Malden city, +36.584867, -89.975562
Malta Bend town, +39.194254, -93.364139
Manchester city, +38.592550, -90.514820
Mansfield city, +37.109739, -92.580899
Maplewood city, +38.612150, -90.324320
Marble Hill city, +37.302286, -89.980434
Marceline city, +39.716957, -92.947428
Marionville city, +37.000281, -93.636692
Marlborough village, +38.567833, -90.338899
Marquand city, +37.428691, -90.167065
Marshall city, +39.114954, -93.202167
Marshfield city, +37.339437, -92.910354
Marston city, +36.517574, -89.608739
Marthasville city, +38.628410, -91.053329
Martinsburg town, +39.101143, -91.647191
Maryland Heights city, +38.722474, -90.477403
Maryville city, +40.343340, -94.871001
Matthews city, +36.759300, -89.583625
Maysville city, +39.887040, -94.361341
Mayview city, +39.052581, -93.833864
Meadville city, +39.787765, -93.302680
Mehlville CDP, +38.501133, -90.315674
Memphis city, +40.460855, -92.169727
Mendon town, +39.591102, -93.133580
Mercer town, +40.511038, -93.529349
Merriam Woods village, +36.716777, -93.170714
Merwin town, +38.404195, -94.589763
Meta city, +38.312400, -92.166574
Metz town, +37.996205, -94.442108
Mexico city, +39.166478, -91.870638
Miami city, +39.321734, -93.225488
Middletown town, +39.128532, -91.414512
Milan city, +40.203223, -93.123926
Milford village, +37.586347, -94.156276
Millard village, +40.107135, -92.545328
Miller city, +37.215307, -93.840318
Mill Spring village, +37.064698, -90.681424
Milo town, +37.755146, -94.305250
Mindenmines city, +37.473278, -94.589658
Miner city, +36.893830, -89.534602
Mineral Point town, +37.945132, -90.724364
Missouri City city, +39.238144, -94.300903
Moberly city, +39.419748, -92.436222
Mokane city, +38.674357, -91.872748
Moline Acres city, +38.745100, -90.242261
Monett city, +36.921123, -93.923706
Monroe City city, +39.654088, -91.732167
Montgomery City city, +38.975622, -91.505121
Monticello town, +40.119112, -91.712614
Montrose city, +38.259402, -93.981985
Mooresville village, +39.746380, -93.720208
Morehouse city, +36.846021, -89.690938
Morley city, +37.043329, -89.612562
Morrison city, +38.670653, -91.632823
Morrisville town, +37.480662, -93.428575
Mosby city, +39.319584, -94.300825
Moscow Mills city, +38.945889, -90.919181
Mound City city, +40.135971, -95.234249
Moundville town, +37.765935, -94.451239
Mountain Grove city, +37.132215, -92.264875
Mountain View city, +36.994755, -91.698687
Mount Leonard town, +39.124982, -93.394692
Mount Moriah town, +40.329326, -93.797329
Mount Vernon city, +37.101622, -93.817924
Murphy CDP, +38.492900, -90.486423
Napoleon city, +39.132304, -94.088352
Naylor city, +36.573965, -90.605344
Neck City city, +37.256272, -94.443598
Neelyville city, +36.559233, -90.511012
Nelson city, +38.993546, -93.030342
Neosho city, +36.844680, -94.375221
Nevada city, +37.841168, -94.352951
Newark town, +39.994435, -91.973079
New Bloomfield city, +38.719421, -92.089667
Newburg city, +37.916669, -91.901362
New Cambria town, +39.775253, -92.751283
New Florence city, +38.908224, -91.449896
New Franklin city, +39.018627, -92.740597
New Hampton city, +40.265111, -94.195752
New Haven city, +38.607467, -91.218133
New London city, +39.584179, -91.398815
New Madrid city, +36.589283, -89.548616
New Melle village, +38.710165, -90.880258
Newtonia town, +36.879518, -94.184065
Newtown town, +40.376577, -93.332824
Niangua city, +37.387649, -92.829729
Nixa city, +37.047050, -93.297924
Noel city, +36.545028, -94.487179
Norborne city, +39.302252, -93.675825
Normandy city, +38.707700, -90.300412
North Kansas City city, +39.139150, -94.563963
North Lilbourn village, +36.601706, -89.621941
Northmoor city, +39.184333, -94.606646
North Wardell village, +36.357773, -89.815463
Northwoods city, +38.703200, -90.282224
Norwood city, +37.106795, -92.416677
Norwood Court town, +38.715700, -90.290352
Novelty town, +40.012571, -92.207434
Novinger city, +40.234097, -92.705893
Oak Grove city, +39.003500, -94.125727
Oak Grove village, +38.226886, -91.151246
Oakland city, +38.575817, -90.384422
Oakland Park village, +37.110044, -94.472644
Oak Ridge town, +37.499766, -89.729591
Oaks village, +39.196950, -94.571875
Oakview village, +39.208000, -94.570799
Oakville CDP, +38.444138, -90.316902
Oakwood village, +39.200300, -94.572149
Oakwood Park village, +39.205717, -94.572815
Odessa city, +38.996954, -93.954753
O'Fallon city, +38.784306, -90.707878
Old Appleton town, +37.593205, -89.709394
Old Monroe city, +38.931280, -90.747024
Olean town, +38.410352, -92.530127
Olivette city, +38.672300, -90.377225
Olympian Village city, +38.134643, -90.457239
Oran city, +37.085028, -89.652894
Oregon city, +39.984498, -95.143632
Oronogo city, +37.187869, -94.469185
Orrick city, +39.213600, -94.125155
Osage Beach city, +38.135190, -92.652280
Osborn city, +39.750020, -94.357112
Osceola city, +38.046446, -93.698017
Osgood town, +40.198095, -93.350577
Otterville city, +38.702277, -93.002815
Overland city, +38.696000, -90.368176
Owensville city, +38.347584, -91.497677
Ozark city, +37.019700, -93.208001
Pacific city, +38.478333, -90.752919
Pagedale city, +38.680887, -90.308335
Palmyra city, +39.796424, -91.524703
Paris city, +39.477148, -92.003931
Parkdale town, +38.478950, -90.526568
Parkville city, +39.195100, -94.674138
Parkway village, +38.338538, -90.973738
Parma city, +36.610923, -89.818238
Parnell city, +40.440063, -94.621755
Pasadena Hills city, +38.708567, -90.291365
Pasadena Park village, +38.710200, -90.296927
Pascola town, +36.266066, -89.826508
Passaic town, +38.321552, -94.347885
Pattonsburg city, +40.047962, -94.137564
Paynesville village, +39.262177, -90.899648
Peculiar city, +38.723094, -94.457858
Peerless Park village, +38.542400, -90.501053
Penermon village, +36.793349, -89.829566
Perry city, +39.429952, -91.667929
Perryville city, +37.726092, -89.872177
Pevely city, +38.289141, -90.398001
Phelps City town, +40.402675, -95.598122
Phillipsburg town, +37.553870, -92.785161
Pickering town, +40.450552, -94.841718
Piedmont city, +37.147823, -90.698403
Pierce City city, +36.946935, -94.002221
Pilot Grove city, +38.873785, -92.912018
Pilot Knob city, +37.623524, -90.643573
Pine Lawn city, +38.695100, -90.275395
Pineville town, +36.593060, -94.383853
Platte City city, +39.361464, -94.777759
Platte Woods city, +39.229300, -94.651962
Plattsburg city, +39.565049, -94.462349
Pleasant Hill city, +38.796552, -94.265686
Pleasant Hope city, +37.461780, -93.273580
Pleasant Valley city, +39.218400, -94.481301
Pocahontas town, +37.501111, -89.639739
Pollock village, +40.359007, -93.084095
Polo city, +39.552194, -94.040045
Poplar Bluff city, +36.763931, -90.407212
Portage Des Sioux city, +38.926100, -90.341949
Portageville city, +36.428707, -89.699783
Potosi city, +37.935997, -90.782128
Powersville village, +40.549908, -93.300763
Prairie Home city, +38.814940, -92.589568
Prathersville village, +39.314136, -94.276275
Preston town, +37.940076, -93.213544
Princeton city, +40.397137, -93.588098
Purcell city, +37.243292, -94.438818
Purdin city, +39.950249, -93.166986
Purdy city, +36.818456, -93.920684
Puxico city, +36.950663, -90.158995
Queen City city, +40.413673, -92.566570
Quitman town, +40.373113, -95.076663
Qulin city, +36.597889, -90.249129
Randolph village, +39.156376, -94.490624
Ravenwood town, +40.352587, -94.671226
Raymondville town, +37.339746, -91.835815
Raymore city, +38.811192, -94.457256
Raytown city, +38.994867, -94.465214
Rayville village, +39.347978, -94.063590
Rea town, +40.061101, -94.764109
Redings Mill village, +37.019668, -94.516542
Reeds town, +37.116488, -94.167454
Reeds Spring city, +36.750065, -93.380846
Renick village, +39.342050, -92.410683
Republic city, +37.117300, -93.475121
Revere town, +40.494178, -91.676044
Rhineland town, +38.718605, -91.517290
Richards town, +37.909826, -94.557178
Rich Hill city, +38.095751, -94.362986
Richland city, +37.861147, -92.399486
Richmond city, +39.278651, -93.973342
Richmond Heights city, +38.630167, -90.331730
Ridgely town, +39.452162, -94.639532
Ridgeway city, +40.377784, -93.937715
Risco city, +36.551477, -89.818664
Ritchey town, +36.943744, -94.185674
Rivermines village, +37.844146, -90.529876
Riverside city, +39.167300, -94.633653
Riverview village, +38.743700, -90.211728
Rocheport city, +38.979473, -92.563313
Rockaway Beach city, +36.701882, -93.159020
Rock Hill city, +38.609000, -90.366930
Rock Port city, +40.411379, -95.516385
Rockville city, +38.070406, -94.080183
Rocky Ridge village, +37.933441, -90.242678
Rogersville town, +37.115904, -93.059080
Rolla city, +37.948735, -91.765760
Roscoe village, +37.976777, -93.812436
Rosebud city, +38.386554, -91.402972
Rosendale city, +40.042623, -94.824899
Rothville village, +39.654691, -93.060887
Rush Hill town, +39.209904, -91.725121
Rushville town, +39.587288, -95.023304
Russellville city, +38.512662, -92.437864
Rutledge town, +40.313037, -92.087387
Saginaw village, +37.026423, -94.469537
St. Ann city, +38.725850, -90.387779
St. Charles city, +38.790550, -90.516394
St. Clair city, +38.351092, -90.980854
St. Cloud village, +38.172521, -91.212560
Ste. Genevieve city, +37.974925, -90.049497
St. Elizabeth town, +38.256207, -92.266041
St. George city, +38.537800, -90.313142
St. James city, +38.000998, -91.613989
St. John city, +38.714500, -90.346097
St. Joseph city, +39.759200, -94.821149
St. Louis city, +38.636050, -90.244299
St. Martins city, +38.595722, -92.333338
St. Mary city, +37.876100, -89.948700
St. Paul village, +38.849900, -90.736647
St. Peters city, +38.778475, -90.605281
St. Robert city, +37.821311, -92.155588
St. Thomas town, +38.368813, -92.215627
Salem city, +37.639916, -91.533329
Salisbury city, +39.423360, -92.802348
Sappington CDP, +38.519900, -90.385613
Sarcoxie city, +37.066782, -94.122305
Savannah city, +39.938762, -94.827804
Schell City city, +38.019137, -94.116395
Scotsdale town, +38.395950, -90.589671
Scott City city, +37.222526, -89.532052
Sedalia city, +38.702981, -93.233272
Sedgewickville village, +37.515078, -89.905943
Seligman city, +36.522699, -93.938028
Senath city, +36.133499, -90.161098
Seneca city, +36.837883, -94.608492
Seymour city, +37.148526, -92.767107
Shelbina city, +39.692274, -92.039684
Shelbyville city, +39.807136, -92.039744
Sheldon city, +37.658604, -94.295675
Sheridan town, +40.517366, -94.614649
Shoal Creek Drive village, +37.037510, -94.523239
Shoal Creek Estates town, +37.018750, -94.494107
Shrewsbury city, +38.587050, -90.327920
Sibley village, +39.179200, -94.196916
Sikeston city, +36.880171, -89.580707
Silex village, +39.126275, -91.057467
Silver Creek village, +37.038750, -94.471899
Skidmore city, +40.287490, -95.078671
Slater city, +39.222766, -93.064691
Smithton city, +38.681619, -93.092234
Smithville city, +39.381505, -94.574127
South Gifford village, +40.025919, -92.682295
South Gorin town, +40.360065, -92.024102
South Greenfield village, +37.375861, -93.842263
South Lineville town, +40.577897, -93.523636
South West City town, +36.523694, -94.608627
Spanish Lake CDP, +38.786900, -90.207699
Sparta city, +37.001677, -93.083196
Spickard city, +40.242628, -93.592173
Springfield city, +37.196200, -93.286099
Stanberry city, +40.216686, -94.537975
Stark City town, +36.860218, -94.188612
Steele city, +36.084997, -89.846744
Steelville city, +37.969437, -91.355418
Stella town, +36.762301, -94.190293
Stewartsville city, +39.754392, -94.498700
Stockton city, +37.696777, -93.795661
Stotesbury town, +37.974435, -94.564748
Stotts City city, +37.101941, -93.947597
Stoutland village, +37.812981, -92.514288
Stoutsville village, +39.551684, -91.852930
Stover city, +38.442175, -92.989741
Strafford city, +37.269776, -93.117539
Strasburg town, +38.759240, -94.164699
Sturgeon city, +39.233841, -92.281301
Sugar Creek city, +39.138132, -94.411166
Sullivan city, +38.211040, -91.163238
Summersville city, +37.178092, -91.658377
Sumner town, +39.655657, -93.243235
Sundown village, +36.565528, -92.637305
Sunrise Beach village, +38.179680, -92.772375
Sunset Hills city, +38.537333, -90.416342
Sweet Springs city, +38.964238, -93.416398
Sycamore Hills village, +38.701000, -90.348801
Syracuse city, +38.669188, -92.875736
Table Rock village, +36.604273, -93.300281
Tallapoosa city, +36.507499, -89.818690
Taneyville village, +36.737466, -93.034744
Taos city, +38.497818, -92.080785
Tarkio city, +40.443063, -95.383766
Tarrants village, +39.358067, -91.183427
Thayer city, +36.524636, -91.541148
The Landing village, +39.559407, -91.658977
Theodosia village, +36.579884, -92.665127
Tightwad village, +38.311141, -93.541663
Tina town, +39.537193, -93.441260
Tindall town, +40.160419, -93.609403
Tipton city, +38.653085, -92.780004
Town and Country city, +38.624750, -90.476329
Tracy city, +39.378572, -94.792995
Trenton city, +40.081148, -93.604496
Trimble city, +39.474618, -94.561028
Triplett city, +39.497681, -93.193521
Troy city, +38.976901, -90.975354
Truesdale city, +38.811010, -91.125069
Truxton village, +39.002199, -91.240612
Turney village, +39.636911, -94.320589
Tuscumbia town, +38.235407, -92.459524
Twin Bridges town, +37.552166, -92.597051
Twin Oaks village, +38.566483, -90.500487
Umber View Heights village, +37.624195, -93.803846
Union city, +38.448260, -91.012618
Union Star town, +39.979439, -94.598047
Unionville city, +40.475683, -93.003693
Unity Village village, +38.950550, -94.401487
University City city, +38.666233, -90.331081
Uplands Park village, +38.692700, -90.282465
Urbana city, +37.843990, -93.166124
Urich city, +38.459931, -93.998990
Utica village, +39.745593, -93.629276
Valley Park city, +38.554550, -90.482384
Van Buren town, +37.007324, -91.012218
Vandalia city, +39.309279, -91.490290
Vandiver village, +39.161279, -91.848762
Vanduser village, +36.991231, -89.686462
Velda Village city, +38.694000, -90.294050
Velda Village Hills village, +38.692300, -90.286874
Verona town, +36.962953, -93.794140
Versailles city, +38.433224, -92.846046
Viburnum town, +37.715613, -91.129153
Vienna city, +38.187528, -91.947968
Village of Four Seasons town, +38.198178, -92.715451
Villa Ridge CDP, +38.471173, -90.883525
Vinita Park city, +38.690021, -90.339656
Vinita Terrace village, +38.684950, -90.329674
Vista village, +37.988793, -93.663829
Waco town, +37.246271, -94.599775
Wakenda town, +39.315512, -93.377895
Walker city, +37.899484, -94.230373
Walnut Grove city, +37.411862, -93.548207
Wardell town, +36.350698, -89.816886
Wardsville town, +38.487970, -92.173402
Warrensburg city, +38.759819, -93.728640
Warrenton city, +38.821258, -91.140098
Warsaw city, +38.242981, -93.371317
Warson Woods city, +38.606867, -90.391522
Washburn city, +36.589501, -93.966324
Washington city, +38.553148, -91.012640
Watson village, +40.480143, -95.623146
Waverly city, +39.206632, -93.519927
Wayland city, +40.395154, -91.581718
Waynesville city, +37.827589, -92.216933
Weatherby town, +39.909232, -94.241307
Weatherby Lake city, +39.238600, -94.697642
Weaubleau city, +37.891614, -93.540784
Webb City city, +37.141250, -94.471249
Webster Groves city, +38.585600, -90.354588
Weldon Spring town, +38.716500, -90.648981
Weldon Spring Heights town, +38.704131, -90.684555
Wellington city, +39.136200, -93.987706
Wellston city, +38.674900, -90.293503
Wellsville city, +39.073742, -91.567912
Wentworth village, +36.993319, -94.074939
Wentzville city, +38.813367, -90.859549
Westboro city, +40.535779, -95.321866
West Line village, +38.632623, -94.585129
Weston city, +39.414596, -94.896518
Westphalia city, +38.441218, -92.000488
West Plains city, +36.741352, -91.862995
Westwood village, +38.646900, -90.434367
Wheatland city, +37.943464, -93.403909
Wheaton city, +36.761310, -94.056195
Wheeling city, +39.786588, -93.386427
Whiteman AFB CDP, +38.732745, -93.554640
Whiteside village, +39.183400, -91.016535
Whitewater town, +37.236620, -89.797684
Wilbur Park village, +38.552726, -90.307311
Willard city, +37.293550, -93.410946
Williamsville city, +36.973595, -90.548054
Willow Springs city, +36.994292, -91.969943
Wilson City town, +36.922989, -89.222828
Winchester city, +38.589950, -90.525634
Windsor city, +38.533359, -93.522358
Winfield city, +38.995448, -90.739752
Winona city, +37.006341, -91.332055
Winston town, +39.869911, -94.141509
Woods Heights city, +39.340005, -94.162246
Woodson Terrace city, +38.728400, -90.360138
Wooldridge town, +38.906460, -92.521793
Worth town, +40.405497, -94.446843
Worthington village, +40.408050, -92.688775
Wright City city, +38.827612, -91.024317
Wyaconda city, +40.393022, -91.926328
Wyatt city, +36.911957, -89.223604
Zalma village, +37.143420, -90.080297
